http://www.rdfabout.com/rdf/usgov/geo/,2000-us-census-rdf
http://dataweb.infor.uva.es/census2001,2001-spanish-census-to-rdf
http://abs.270a.info/dataset/,abs-linked-data
http://lab.environment.data.gov.au,acorn-sat
http://purl.org/science/plasmid/addgene/,addgene
http://red.gnoss.com/comunidad/buscaempresas,aegp-spanish-textile-and-clothing-association
http://aemet.linkeddata.es/resource/,aemet
http://agrinepaldata.com/,agrinepaldata
http://agris.fao.org/aos/records/info.html,agris
http://aims.fao.org/standards/agrovoc/about,agrovoc-skos
http://aliada.scanbit.net:8891/id/collections/,aliada-scanbit-net
http://www.brain-map.org/,allen-brain-atlas
http://purl.org/allie/,allie-abbreviation-and-long-form-database-in-life-science
http://purl.org/collections/nl/am/,amsterdam-museum-as-edm-lod
http://animaldiversity.ummz.umich.edu/site/about/overview.html,animal-diversity-web
http://data.archiveshub.ac.uk/,archiveshub-linkeddata
http://purl.org/twc/arrayexpress/E-MTAB-104/,arrayexpress_e-mtab-104
http://gnoss.com/comunidad/Interactivos,artenuevosmedios-gnoss
http://gnoss.com/comunidad/Arthroscopy,arthroscopy
http://purl.org/asit/alld,asit
cldbstest.eva.mpg.de/asjp,asjp
http://purl.org/ASN/schema/core/,asn-us
http://athelia.com,athelia-rfid
http://vocabulary.semantic-web.at/AustrianSkiTeam,austrian_ski_racers
http://lod.b3kat.de/title/,b3kat
http://brancusi.usc.edu/bkms/bamsxml.html,bams
http://www.bbc.co.uk/music/artist/,bbc-music
http://www.bbc.co.uk/programmes,bbc-programmes
http://www.bbc.co.uk/nature/,bbc-wildlife-finder
http://www.berkeleybop.org/,bbop
http://www.berkeleybop.org/,bbop-selected
http://fintrans.publicdata.eu/ec/resource/,beneficiaries-of-the-european-commission
http://berlin.offenerhaushalt.de/classifier/berlin/,berlin-offener-haushalt
http://bfs.270a.info/dataset/,bfs-linked-data
http://data.bibbase.org/,bibbase
http://bibliotecaescolardigital.es,biblioteca-escolar-digital-cita
http://km.aifb.kit.edu/projects/btc-2010/,billion_triples_challenge_dataset_2010
http://challenge.semanticweb.org/,billion_triples_challenge_dataset2008
http://bio2rdf.org/affymetrix:,bio2rdf-affymetrix
http://bio2rdf.org/biomodels:,bio2rdf-biomodels
http://bio2rdf.org/bioportal:,bio2rdf-bioportal
http://bio2rdf.org/chembl:,bio2rdf-chembl
http://bio2rdf.org/clinicaltrials:,bio2rdf-clinicaltrials
http://bio2rdf.org/ctd:,bio2rdf-ctd
http://bio2rdf.org/dbsnp:,bio2rdf-dbsnp
http://bio2rdf.org/drugbank:,bio2rdf-drugbank
http://bio2rdf.org/genage:,bio2rdf-genage
http://bio2rdf.org/,bio2rdf-genbank
http://bio2rdf.org/gendr:,bio2rdf-gendr
http://bio2rdf.org/goa:,bio2rdf-goa
http://bio2rdf.org/hgnc:,bio2rdf-hgnc
http://bio2rdf.org/homologene:,bio2rdf-homologene
inoh ,bio2rdf-inoh
http://bio2rdf.org/interpro:,bio2rdf-interpro
http://bio2rdf.org/iproclass:,bio2rdf-iproclass
http://bio2rdf.org/irefindex:,bio2rdf-irefindex
http://bio2rdf.org/linkedspl:,bio2rdf-linkedspl
http://bio2rdf.org/lsr:,bio2rdf-lsr
http://bio2rdf.org/mesh:,bio2rdf-mesh
http://bio2rdf.org/mgi:,bio2rdf-mgi
http://bio2rdf.org/ncbigene:,bio2rdf-ncbigene
http://bio2rdf.org/ndc:,bio2rdf-ndc
http://bio2rdf.org/nextprot:,bio2rdf-nextprot
http://bio2rdf.org/omim:,bio2rdf-omim
http://bio2rdf.org/orphanet:,bio2rdf-orphanet
http://bio2rdf.org/pathwaycommons:,bio2rdf-pathwaycommons
http://bio2rdf.org/pharmgkb:,bio2rdf-pharmgkb
http://bio2rdf.org/pubmed:,bio2rdf-pubmed
http://bio2rdf.org/reactome:,bio2rdf-reactome
http://bio2rdf.org/sabiork:,bio2rdf-sabiork
http://bio2rdf.org/sgd:,bio2rdf-sgd
http://bio2rdf.org/sider:,bio2rdf-sider
http://bio2rdf.org/taxonomy:,bio2rdf-taxonomy
http://bio2rdf.org/wikipathways:,bio2rdf-wikipathways
http://bio2rdf.org/wormbase:,bio2rdf-wormbase
http://logd.tw.rpi.edu/source/congress-gov/dataset/biographical-directory-of-the-united-states-congress/version/2012-Jan-04/,biographical-directory-of-the-united-states-congress
http://identifiers.org/biomodels.db/,biomodels-rdf
http://bioportal.bioontology.org/ontologies/1090,bioportal-aao
http://bioportal.bioontology.org/ontologies/1290,bioportal-aba
http://bioportal.bioontology.org/ontologies/1130,bioportal-acgt
http://bioportal.bioontology.org/ontologies/1530,bioportal-adw
http://bioportal.bioontology.org/ontologies/1568,bioportal-aeo
http://bioportal.bioontology.org/ontologies/1580,bioportal-aero
http://bioportal.bioontology.org/ontologies/1430,bioportal-air
http://bioportal.bioontology.org/ontologies/1054,bioportal-amino-acid
http://bioportal.bioontology.org/ontologies/1222,bioportal-apo
http://bioportal.bioontology.org/ontologies/1099,bioportal-atmo
http://bioportal.bioontology.org/ontologies/1370,bioportal-ato
http://bioportal.bioontology.org/ontologies/1533,bioportal-bao
http://bioportal.bioontology.org/ontologies/1056,bioportal-basic-vertebrate-gross-anatomy
http://bioportal.bioontology.org/ontologies/1304,bioportal-bcgo
http://bioportal.bioontology.org/ontologies/1613,bioportal-bdo
http://bioportal.bioontology.org/ontologies/1332,bioportal-bfo
http://bioportal.bioontology.org/ontologies/1116,bioportal-bho
http://bioportal.bioontology.org/ontologies/1114,bioportal-bila
http://bioportal.bioontology.org/ontologies/1089,bioportal-birnlex
http://bioportal.bioontology.org/ontologies/1106,bioportal-bootstrep
http://bioportal.bioontology.org/ontologies/1522,bioportal-bp
http://bioportal.bioontology.org/ontologies/1104,bioportal-bro_x1
http://bioportal.bioontology.org/ontologies/1078,bioportal-bspo
http://bioportal.bioontology.org/ontologies/1134,bioportal-bt
http://bioportal.bioontology.org/ontologies/1005,bioportal-bto
http://bioportal.bioontology.org/ontologies/3030,bioportal-canco
http://bioportal.bioontology.org/ontologies/1582,bioportal-cao
http://bioportal.bioontology.org/ontologies/3008,bioportal-carelex
http://bioportal.bioontology.org/ontologies/1507,bioportal-cco
http://bioportal.bioontology.org/ontologies/1128,bioportal-cdao
http://bioportal.bioontology.org/ontologies/1007,bioportal-chebi
http://bioportal.bioontology.org/ontologies/1615,bioportal-chem2bio2owl
http://bioportal.bioontology.org/ontologies/1444,bioportal-cheminf
http://bioportal.bioontology.org/ontologies/1006,bioportal-cl
http://bioportal.bioontology.org/ontologies/1314,bioportal-clo
http://bioportal.bioontology.org/ontologies/1583,bioportal-cmo
http://bioportal.bioontology.org/ontologies/3003,bioportal-cno
http://bioportal.bioontology.org/ontologies/1545,bioportal-co_wheat
http://bioportal.bioontology.org/ontologies/1633,bioportal-cogat
http://bioportal.bioontology.org/ontologies/1560,bioportal-cogpo
http://bioportal.bioontology.org/ontologies/1504,bioportal-cpt
http://bioportal.bioontology.org/ontologies/1526,bioportal-csp
http://bioportal.bioontology.org/ontologies/1341,bioportal-cst
http://bioportal.bioontology.org/ontologies/1415,bioportal-ctcae
http://bioportal.bioontology.org/ontologies/3025,bioportal-ctx
http://bioportal.bioontology.org/ontologies/1144,bioportal-dc_cl
http://bioportal.bioontology.org/ontologies/1008,bioportal-ddanat
http://bioportal.bioontology.org/ontologies/1540,bioportal-ddi
http://bioportal.bioontology.org/ontologies/3013,bioportal-diagnosticont
http://bioportal.bioontology.org/ontologies/1672,bioportal-dikb-evidence
http://bioportal.bioontology.org/ontologies/1009,bioportal-doid
http://bioportal.bioontology.org/ontologies/1146,bioportal-ecg
http://bioportal.bioontology.org/ontologies/1012,bioportal-eco
http://bioportal.bioontology.org/ontologies/1136,bioportal-efo
http://bioportal.bioontology.org/ontologies/1022,bioportal-ehda
http://bioportal.bioontology.org/ontologies/1021,bioportal-ehdaa
http://bioportal.bioontology.org/ontologies/1517,bioportal-ehdaa2
http://bioportal.bioontology.org/ontologies/1010,bioportal-emap
http://bioportal.bioontology.org/ontologies/1069,bioportal-envo
http://bioportal.bioontology.org/ontologies/1036,bioportal-eo
http://bioportal.bioontology.org/ontologies/1142,bioportal-ep
http://bioportal.bioontology.org/ontologies/1639,bioportal-epileponto
http://bioportal.bioontology.org/ontologies/3016,bioportal-ero
http://bioportal.bioontology.org/ontologies/1013,bioportal-ev
http://bioportal.bioontology.org/ontologies/1575,bioportal-exo
http://bioportal.bioontology.org/ontologies/1019,bioportal-fao
http://bioportal.bioontology.org/ontologies/1023,bioportal-fbbi
http://bioportal.bioontology.org/ontologies/1015,bioportal-fbbt
http://bioportal.bioontology.org/ontologies/1017,bioportal-fbcv
http://bioportal.bioontology.org/ontologies/1016,bioportal-fbdv
http://bioportal.bioontology.org/ontologies/1064,bioportal-fbsp
http://bioportal.bioontology.org/ontologies/1576,bioportal-fda-meddevice
http://bioportal.bioontology.org/ontologies/1126,bioportal-fhho
http://bioportal.bioontology.org/ontologies/1417,bioportal-flu
http://bioportal.bioontology.org/ontologies/1053,bioportal-fma
http://bioportal.bioontology.org/ontologies/1689,bioportal-fypo
http://bioportal.bioontology.org/ontologies/1247,bioportal-geospecies
http://bioportal.bioontology.org/ontologies/1439,bioportal-gfo
http://bioportal.bioontology.org/ontologies/1440,bioportal-gfo-bio
http://bioportal.bioontology.org/ontologies/1506,bioportal-go_x1
http://bioportal.bioontology.org/ontologies/1070,bioportal-go_x2
http://bioportal.bioontology.org/ontologies/1047,bioportal-gro
http://bioportal.bioontology.org/ontologies/1001,bioportal-gro_x1
http://bioportal.bioontology.org/ontologies/1082,bioportal-gro_x2
http://bioportal.bioontology.org/ontologies/1362,bioportal-hao
http://bioportal.bioontology.org/ontologies/1529,bioportal-hcpcs
http://bioportal.bioontology.org/ontologies/1343,bioportal-hl7
http://bioportal.bioontology.org/ontologies/1581,bioportal-hlth_indics
http://bioportal.bioontology.org/ontologies/1328,bioportal-hom
http://bioportal.bioontology.org/ontologies/1631,bioportal-hom_harvard
http://bioportal.bioontology.org/ontologies/1125,bioportal-hp_x1
http://bioportal.bioontology.org/ontologies/1569,bioportal-hpio
http://bioportal.bioontology.org/ontologies/1528,bioportal-hugo
http://bioportal.bioontology.org/ontologies/1393,bioportal-iao
http://bioportal.bioontology.org/ontologies/1516,bioportal-icd10
http://bioportal.bioontology.org/ontologies/1553,bioportal-icd10cm
http://bioportal.bioontology.org/ontologies/1425,bioportal-icd10pcs
http://bioportal.bioontology.org/ontologies/1101,bioportal-icd9cm
http://bioportal.bioontology.org/ontologies/1411,bioportal-icf_x1
http://bioportal.bioontology.org/ontologies/1401,bioportal-icnp
http://bioportal.bioontology.org/ontologies/1344,bioportal-icpc
http://bioportal.bioontology.org/ontologies/1429,bioportal-icpc2p
http://bioportal.bioontology.org/ontologies/1509,bioportal-icps
http://bioportal.bioontology.org/ontologies/1092,bioportal-ido
http://bioportal.bioontology.org/ontologies/1537,bioportal-idobru
http://bioportal.bioontology.org/ontologies/1311,bioportal-idomal
http://bioportal.bioontology.org/ontologies/1011,bioportal-iev
http://bioportal.bioontology.org/ontologies/1491,bioportal-imgt
http://bioportal.bioontology.org/ontologies/1029,bioportal-imr
http://bioportal.bioontology.org/ontologies/1515,bioportal-ino
http://bioportal.bioontology.org/ontologies/1658,bioportal-invertebrata
http://bioportal.bioontology.org/ontologies/1614,bioportal-ixno
http://bioportal.bioontology.org/ontologies/1488,bioportal-jerm
http://bioportal.bioontology.org/ontologies/1410,bioportal-kisao
http://bioportal.bioontology.org/ontologies/1024,bioportal-lhn
http://bioportal.bioontology.org/ontologies/1183,bioportal-lipro
http://bioportal.bioontology.org/ontologies/1350,bioportal-lnc
http://bioportal.bioontology.org/ontologies/1000,bioportal-ma
http://bioportal.bioontology.org/ontologies/1026,bioportal-mao
http://bioportal.bioontology.org/ontologies/1152,bioportal-mat
http://bioportal.bioontology.org/ontologies/1438,bioportal-mcbcc
http://bioportal.bioontology.org/ontologies/1541,bioportal-mccl
http://bioportal.bioontology.org/ontologies/1245,bioportal-mccl_x1
http://bioportal.bioontology.org/ontologies/3000,bioportal-mcv
http://bioportal.bioontology.org/ontologies/1426,bioportal-mddb
http://bioportal.bioontology.org/ontologies/1422,bioportal-mdr
http://bioportal.bioontology.org/ontologies/1347,bioportal-medlineplus
http://bioportal.bioontology.org/ontologies/1257,bioportal-mego
http://bioportal.bioontology.org/ontologies/3019,bioportal-mesh-owl
http://bioportal.bioontology.org/ontologies/3002,bioportal-mf
http://bioportal.bioontology.org/ontologies/1027,bioportal-mfo
http://bioportal.bioontology.org/ontologies/1666,bioportal-mfoem
http://bioportal.bioontology.org/ontologies/1088,bioportal-mhc
http://bioportal.bioontology.org/ontologies/1040,bioportal-mi
http://bioportal.bioontology.org/ontologies/1077,bioportal-miro
http://bioportal.bioontology.org/ontologies/1584,bioportal-mmo
http://bioportal.bioontology.org/ontologies/1131,bioportal-mo
http://bioportal.bioontology.org/ontologies/1041,bioportal-mod
http://bioportal.bioontology.org/ontologies/1025,bioportal-mp
http://bioportal.bioontology.org/ontologies/1031,bioportal-mpath
http://bioportal.bioontology.org/ontologies/1105,bioportal-ms
http://bioportal.bioontology.org/ontologies/1351,bioportal-msh
http://bioportal.bioontology.org/ontologies/1510,bioportal-mthch
http://bioportal.bioontology.org/ontologies/3004,bioportal-natpro
http://bioportal.bioontology.org/ontologies/1132,bioportal-ncbitaxon
http://bioportal.bioontology.org/ontologies/1032,bioportal-ncit
http://bioportal.bioontology.org/ontologies/1424,bioportal-nddf
http://bioportal.bioontology.org/ontologies/1352,bioportal-ndfrt
http://bioportal.bioontology.org/ontologies/1321,bioportal-nemo_x1
http://bioportal.bioontology.org/ontologies/1686,bioportal-neomark
http://bioportal.bioontology.org/ontologies/1501,bioportal-neomarkontology
http://bioportal.bioontology.org/ontologies/1084,bioportal-nif
http://bioportal.bioontology.org/ontologies/1402,bioportal-nif_cell
http://bioportal.bioontology.org/ontologies/1381,bioportal-nif_dysfunction
http://bioportal.bioontology.org/ontologies/1539,bioportal-nigo
http://bioportal.bioontology.org/ontologies/1033,bioportal-nmr
http://bioportal.bioontology.org/ontologies/3012,bioportal-nonrctontology
http://bioportal.bioontology.org/ontologies/1083,bioportal-npo
http://bioportal.bioontology.org/ontologies/1489,bioportal-oae
http://bioportal.bioontology.org/ontologies/1123,bioportal-obi
http://bioportal.bioontology.org/ontologies/1524,bioportal-oboe
http://bioportal.bioontology.org/ontologies/1523,bioportal-oboe-sbc
http://bioportal.bioontology.org/ontologies/1076,bioportal-ocre
http://bioportal.bioontology.org/ontologies/1086,bioportal-odgi
http://bioportal.bioontology.org/ontologies/1100,bioportal-ogi
http://bioportal.bioontology.org/ontologies/1085,bioportal-ogmd
http://bioportal.bioontology.org/ontologies/1414,bioportal-ogms
http://bioportal.bioontology.org/ontologies/1348,bioportal-omim
http://bioportal.bioontology.org/ontologies/1505,bioportal-omit
http://bioportal.bioontology.org/ontologies/1565,bioportal-omrse
http://bioportal.bioontology.org/ontologies/1638,bioportal-ontodm
http://bioportal.bioontology.org/ontologies/1588,bioportal-ontodt
http://bioportal.bioontology.org/ontologies/1586,bioportal-ontoorpha
http://bioportal.bioontology.org/ontologies/1190,bioportal-opl
http://bioportal.bioontology.org/ontologies/1107,bioportal-pato
http://bioportal.bioontology.org/ontologies/1349,bioportal-pdq
http://bioportal.bioontology.org/ontologies/1640,bioportal-pedterm
http://bioportal.bioontology.org/ontologies/1335,bioportal-peo
http://bioportal.bioontology.org/ontologies/1550,bioportal-phare
http://bioportal.bioontology.org/ontologies/1409,bioportal-pko
http://bioportal.bioontology.org/ontologies/1497,bioportal-pma
http://bioportal.bioontology.org/ontologies/3015,bioportal-pmr
http://bioportal.bioontology.org/ontologies/1108,bioportal-po
http://bioportal.bioontology.org/ontologies/1038,bioportal-po_x1
http://bioportal.bioontology.org/ontologies/1587,bioportal-po_x2
http://bioportal.bioontology.org/ontologies/1062,bioportal-pr
http://bioportal.bioontology.org/ontologies/1039,bioportal-propreo
http://bioportal.bioontology.org/ontologies/1035,bioportal-pw
http://bioportal.bioontology.org/ontologies/1671,bioportal-qibo
http://bioportal.bioontology.org/ontologies/1427,bioportal-rcd
http://bioportal.bioontology.org/ontologies/1676,bioportal-rctontology
http://bioportal.bioontology.org/ontologies/1552,bioportal-repo
http://bioportal.bioontology.org/ontologies/1043,bioportal-rex
http://bioportal.bioontology.org/ontologies/1057,bioportal-rid
http://bioportal.bioontology.org/ontologies/1500,bioportal-rnao
http://bioportal.bioontology.org/ontologies/1538,bioportal-roleo
http://bioportal.bioontology.org/ontologies/1150,bioportal-rs
http://bioportal.bioontology.org/ontologies/1423,bioportal-rxnorm
http://bioportal.bioontology.org/ontologies/1068,bioportal-sao
http://bioportal.bioontology.org/ontologies/1046,bioportal-sbo
http://bioportal.bioontology.org/ontologies/1249,bioportal-sbro
http://bioportal.bioontology.org/ontologies/1651,bioportal-sdo
http://bioportal.bioontology.org/ontologies/1044,bioportal-sep
http://bioportal.bioontology.org/ontologies/1665,bioportal-shr
http://semanticscience.org/resource/,bioportal-sio
http://bioportal.bioontology.org/ontologies/1237,bioportal-sitbac
http://bioportal.bioontology.org/ontologies/1353,bioportal-snomedct
http://bioportal.bioontology.org/ontologies/1058,bioportal-snpo
http://bioportal.bioontology.org/ontologies/1109,bioportal-so_x1
http://bioportal.bioontology.org/ontologies/1061,bioportal-sopharm
http://bioportal.bioontology.org/ontologies/3028,bioportal-soy
http://bioportal.bioontology.org/ontologies/1091,bioportal-spd
http://bioportal.bioontology.org/ontologies/3029,bioportal-spto
http://bioportal.bioontology.org/ontologies/1394,bioportal-sso
http://bioportal.bioontology.org/ontologies/1413,bioportal-swo
http://bioportal.bioontology.org/ontologies/1065,bioportal-tads
http://bioportal.bioontology.org/ontologies/1110,bioportal-tao
http://bioportal.bioontology.org/ontologies/1419,bioportal-taxrank
http://bioportal.bioontology.org/ontologies/1407,bioportal-teddy
http://bioportal.bioontology.org/ontologies/3042,bioportal-teo
http://bioportal.bioontology.org/ontologies/1030,bioportal-tgma
http://bioportal.bioontology.org/ontologies/3034,bioportal-thesaurus
http://bioportal.bioontology.org/ontologies/1461,bioportal-tmo
http://bioportal.bioontology.org/ontologies/1572,bioportal-tm-signs-and-sympts
http://bioportal.bioontology.org/ontologies/1037,bioportal-to
http://bioportal.bioontology.org/ontologies/1418,bioportal-tok
http://bioportal.bioontology.org/ontologies/1081,bioportal-tto
http://bioportal.bioontology.org/ontologies/1404,bioportal-uberon
http://bioportal.bioontology.org/ontologies/1650,bioportal-unitsontology
http://bioportal.bioontology.org/ontologies/1112,bioportal-uo
http://bioportal.bioontology.org/ontologies/1527,bioportal-vandf
http://bioportal.bioontology.org/ontologies/1555,bioportal-vao
http://bioportal.bioontology.org/ontologies/1574,bioportal-vhog
http://bioportal.bioontology.org/ontologies/1699,bioportal-vivo
http://bioportal.bioontology.org/ontologies/1172,bioportal-vo
http://bioportal.bioontology.org/ontologies/1659,bioportal-vt
http://bioportal.bioontology.org/ontologies/1048,bioportal-wbbt
http://bioportal.bioontology.org/ontologies/1049,bioportal-wbls
http://bioportal.bioontology.org/ontologies/1067,bioportal-wbphenotype
http://bioportal.bioontology.org/ontologies/1354,bioportal-who
http://bioportal.bioontology.org/ontologies/1095,bioportal-xao
http://bioportal.bioontology.org/ontologies/1585,bioportal-xco
http://bioportal.bioontology.org/ontologies/1115,bioportal-ypo
http://bioportal.bioontology.org/ontologies/1051,bioportal-zfa
http://rdf.ebi.ac.uk/resource/biosamples/,biosamples-rdf
http://bis.270a.info/dataset/,bis-linked-data
http://bitzi.com/,bitzi
http://helheim.deusto.es/bizkaisense/resource/,bizkaisense
http://bnb.data.bl.uk/id/,bluk-bnb
http://dati.camera.it/ocd/bpr/,bpr
http://ligadonospoliticos.com.br/politico/,brazilian-politicians
http://collection.britishmuseum.org/id/,british-museum-collection
http://bund.offenerhaushalt.de,bund-offener-haushalt
http://business.data.gov.uk/id/company/,business-data-gov-uk
http://www.calames.abes.fr/pub/ms/,calames
http://data.linkedopendata.it/cap/resource/,cap-italy-rdf
http://corporateexcellence.net/en/community/patronato,ce4r
http://chem2bio2rdf.org/bindingdb/,chem2bio2rdf
http://rdf.ebi.ac.uk/resource/chembl/,chembl-rdf
http://data.kasabi.com/dataset/chempedia-rdf/,chempedia-rdf
http://chroniclingamerica.loc.gov/,chronicling-america
http://reegle.info,clean-energy-data-reegle
http://afbo.info,clld-afbo
http://apics-online.info,clld-apics
http://ewave-atlas.org,clld-ewave
http://glottolog.org,clld-glottolog
http://phoible.org,clld-phoible
http://sails.clld.org,clld-sails
http://wals.info,clld-wals
http://wold.clld.org,clld-wold
http://finance.data.gov.uk/def/coins/,coins-openuplabs
http://colinda.org/resource/,colinda
http://purl.org/weso/pscs/cn/2012/resource,combined-nomenclature-2012
http://comsode.eu/resource/,comsode-d3-2
http://csc.media.mit.edu/conceptnet,conceptnet
www.csd.uoc.gr ,connectivity-of-lod-datasets
http://core.kmi.open.ac.uk/data/,core
http://purl.org/vocabularies/cornetto/,cornetto
http://vocabulary.wolterskluwer.de/court,courts-thesaurus
http://purl.org/weso/pscs/cpa/2008/resource,cpa-2008
http://purl.org/weso/pscs/cpa/2008/resource,cpc-2008
http://purl.org/weso/pscs/cpv/2003/resource,cpv-2003
http://purl.org/weso/pscs/cpv/2008/resource,cpv-2008
http://140.109.28.64:2020/resource/,crowdsourcing-fb
http://data.fundacionctic.org/dataset-catalog/,ctic-public-dataset
http://cultura.linkeddata.es/visualizer,culturalinkeddata
 http://linked.opendata.cz/resource/business-entity/,cz-ares-or
 http://linked.opendata.cz/resource/business-entity/,cz-ares-rzp
http://linked.opendata.cz/resource/domain/irz/,cz-cenia-irz-chemicals
http://linked.opendata.cz/resource/domain/cenia.cz/,cz-cenia-pollution
http://linked.opendata.cz/resource/domain/seznam.gov.cz/rejstriky/smlouvy/,cz-contracts
http://linked.opendata.cz/resource/domain/coi.cz/ban/,cz-ctia-bans
http://linked.opendata.cz/resource/domain/coi.cz/confiscation/,cz-ctia-confiscations
http://linked.opendata.cz/resource/domain/coi.cz/check-action/,cz-ctia-focus
http://linked.opendata.cz/resource/domain/coi.cz/check-action/,cz-ctia-inspections
http://linked.opendata.cz/resource/domain/coi.cz/sanction/,cz-ctia-sanctions
http://ruian.linked.opendata.cz/resource/,cz-cuzk-cadastre-offices
http://ruian.linked.opendata.cz/resource/,cz-cuzk-legal-relationships-documents
http://data.czso.cz/resource/observation/average-salaries/,cz-czso-average-salaries
http://data.czso.cz/resource/observation/selected-indicators-of-public-health/,cz-czso-deaths-by-selected-causes-of-death
http://data.czso.cz/resource/observation/demography-in-regions-czech-republic-age-categories/,cz-czso-demography-in-regions-czech-republic-age-categories
http://data.czso.cz/resource/observation/job-applicants/,cz-czso-job-applicants
http://data.czso.cz/resource/observation/job-applicants-and-unemployment-rate/,cz-czso-job-applicants-and-unemployment-rate
http://linked.opendata.cz/resource/region/,cz-czso-regions
http://data.czso.cz/resource/observation/selected-indicators-of-public-health/,cz-czso-selected-indicators-of-public-health
http://data.czso.cz/resource/observation/social-service-facilities/,cz-czso-social-service-facilities
http://data.czso.cz/resource/observation/unemployment-rate/,cz-czso-unemployment-rate
http://linked.opendata.cz/resource/atc/,cz-eh-1-atc
http://linked.opendata.cz/resource/domain/seznam.gov.cz/rejstriky/plneni/,cz-fulfillments
http://linked.opendata.cz/resource/business-entity/,cz-ic
http://linked.opendata.cz/resource/domain/seznam.gov.cz/rejstriky/objednavky/,cz-orders
http://linked.opendata.cz/resource/domain/seznam.gov.cz/ovm/ovms/,cz-ovm
http://linked.opendata.cz/resource/domain/seznam.gov.cz/agendy/,cz-ovm-agendas
http://ruian.linked.opendata.cz/resource/,cz-ruian
http://data.nku.cz/resource/,cz-sao-audited-subjects
http://data.nku.cz/resource/,cz-sao-check-actions
http://data.nku.cz/resource/,cz-sao-check-actions-law
http://linked.opendata.cz/resource/sukl/active-ingredient/,cz-sidc-drug-ingredients
http://linked.opendata.cz/resource/sukl/medicinal-product-packaging/,cz-sidc-drug-prices
http://linked.opendata.cz/resource/sukl/medicinal-product-packaging/,cz-sidc-drugs
http://linked.opendata.cz/resource/domain/vavai/,cz-vavai-evaluation-2013
http://linked.opendata.cz/resource/domain/vavai/,cz-vavai-funding-providers
http://linked.opendata.cz/resource/domain/vavai/,cz-vavai-organizations
http://linked.opendata.cz/resource/domain/vavai/,cz-vavai-programmes
http://linked.opendata.cz/resource/domain/vavai/,cz-vavai-projects
http://linked.opendata.cz/resource/domain/vavai/,cz-vavai-research-plans
http://linked.opendata.cz/resource/domain/vavai/,cz-vavai-results
http://linked.opendata.cz/resource/domain/vavai/,cz-vavai-tenders
http://data.bnf.fr/,data-bnf-fr
http://www.cnr.it/ontology/cnr/individuo/,data-cnr-it
http://stats.data-gov.ie/,data-gov-ie
http://reference.data.gov.uk/id/,data-gov-uk-time-intervals
http://climb.dataincubator.org/,data-incubator-climb
http://metoffice.dataincubator.org/,data-incubator-metoffice
http://smcjournals.dataincubator.org/,data-incubator-smcjournals
http://data.open.ac.uk/resource/,data-open-ac-uk
http://data.szepmuveszeti.hu/id/collections/,data-szepmuveszeti-hu
http://datos.artium.org/id/collections/,datos-artium-org
http://datos.bcn.cl/recurso/,datos-bcn-cl
http://datos.bne.es/resource/,datos-bne-es
http://researchgroups.gnoss.com,dblp-deusto-gnoss
http://kaiko.getalp.org/about-dbnary,dbnary
http://dbpedia.org/resource/,dbpedia
http://el.dbpedia.org/resource/,dbpedia-el
http://es.dbpedia.org/resource/,dbpedia-es
http://eudbpedia.deusto.es/resource/,dbpedia-eu
http://fr.dbpedia.org/resource/,dbpedia-fr
http://ja.dbpedia.org/resource/,dbpedia-ja
http://dbpedialite.org/things/,dbpedia-lite
http://live.dbpedia.org,dbpedia-live
http://nl.dbpedia.org/resource/,dbpedia-nl
http://pt.dbpedia.org/resource/,dbpedia-pt
http://spotlight.dbpedia.org,dbpedia-spotlight
http://dbtropes.org/resource/,dbtropes
http://dbtune.org/,dbtune
http://dbtune.org/artists/last-fm/,dbtune-artists-last-fm
http://dbtune.org/last-fm/,dbtune-audioscrobbler
http://dbtune.org/classical/resource/,dbtune-classical
http://dbtune.org/bbc/peel/,dbtune-john-peel-sessions
http://dbtune.org/magnatune/artist/,dbtune-magnatune
http://dbtune.org/musicbrainz/,dbtune-musicbrainz
http://dbtune.org/myspace/,dbtune-myspace
http://data.gov.uk/blog/local-data-exchange-ldex-incubator,dclg-openuplabs
http://www.dcs.shef.ac.uk/,dcs-sheffield
http://packages.qa.debian.org/,debian-package-tracking-system
http://deusto.gnoss.com/en/community/deustoEntrepreneurship,deustoentrepreneurship
http://deusto.gnoss.com,deustotech
http://www.deutsche-biographie.de/,deutsche-biographie
http://d-nb.info/,deutsche-nationalbibliografie-dnb
http://dewey.info/,dewey_decimal_classification
http://diavgeia.math.auth.gr/resource/,diavgeia
http://didactalia.net,didactalia
http://rdf.disgenet.org/,disgenet
http://www.facebook.com/profile.php?id=100003406270546,disk
http://dm2e.eu/data,dm2e
http://rdf.dmoz.org/,dmoz_rdf_dump
http://d-nb.info/gnd/,dnb-gemeinsame-normdatei
http://doapstore.org/,doap_store
http://dx.doi.org,doi
http://purl.org/net/hifm/data#,drug-data-hifm
http://doc.metalex.eu,dutch-national-regulations-metalex
http://alaska.eagle-i.net/i/,eagle-i-alaska
http://cdrewu.eagle-i.net/i/,eagle-i-cdrewu
http://dartmouth.eagle-i.net/i/,eagle-i-dartmouth
http://famu.eagle-i.net/i/,eagle-i-famu
http://harvard.eagle-i.net/i/,eagle-i-harvard
http://hawaii.eagle-i.net/i/,eagle-i-hawaii
http://jsu.eagle-i.net/i/,eagle-i-jsu
http://montana.eagle-i.net/i/,eagle-i-montana
http://msm.eagle-i.net/i/,eagle-i-msm
http://ohsu.eagle-i.net/i/,eagle-i-ohsu
http://psm.eagle-i.net/i/,eagle-i-psm
http://tsu.eagle-i.net/i/,eagle-i-tsu
http://uccaribe.eagle-i.net/i/,eagle-i-uccaribe
http://upr.eagle-i.net/i/,eagle-i-upr
http://utep.eagle-i.net/i/,eagle-i-utep
http://utsa.eagle-i.net/i/,eagle-i-utsa
http://eagle-i/ea/vanderbilt.edu/i/,eagle-i-vanderbilt
http://xula.eagle-i.net/i/,eagle-i-xula
http://ecb.270a.info/dataset/,ecb-linked-data
http://ecb.publicdata.eu/,ecb-statistics-linked-data
http://data.kasabi.com/dataset/ecco-tcp-eighteenth-century-collections-online-texts/,ecco-tcp-linked-data
http://rdf.ecs.soton.ac.uk/ontology/ecs#,ecs
http://kent.zpr.fer.hr:8080/educationalProgram/resource,educationalprograms_sisvu
http://education.data.gov.uk/doc/institution,education-data-gov-uk
http://openuplabs.tso.co.uk/datasets/gov-education,education-openuplabs
http://www.eea.europa.eu/publications,eea
http://rod.eionet.europa.eu,eea-rod
http://rdfdata.eionet.europa.eu/,eionet-rdf
http://webenemasuno.linkeddata.es/elviajero/resource/,elviajero
http://co2emission.psi.enakting.org/id/,enakting-co2emission
http://crime.psi.enakting.org/id/,enakting-crime
http://energy.psi.enakting.org/def/,enakting-energy
http://mortality.psi.enakting.org/id/,enakting-mortality
http://nhs.psi.enakting.org/id/nhs/,enakting-nhs
http://population.psi.enakting.org/id/,enakting-population
http://data.kasabi.com/dataset/english-heritage/,englishheritage_places
ttp://opendatacommunities.org/id/IMD/2010/IMD-rank/LSOA/,english-index-of-multiple-deprivation-ranking-2010
http://opendatacommunities.org/id/IMD/2010/IMD-score/LSOA/,english-index-of-multiple-deprivation-score-2010
http://opendatacommunities.org/resources/,english-indices-of-multiple-deprivation
http://enipedia.tudelft.nl/wiki/,enipedia
http://www.ncbi.nlm.nih.gov/gene,entrez_gene
ftp://ftp.ncbi.nlm.nih.gov/gene/DATA/gene_info.gz,entrez_gene_extract
http://environment.data.gov.uk/data/bathing-water-quality/,environment-agency-bathing-water-quality
http://linkeddata.ge.imati.cnr.it/resource/EARTh/,environmental-applications-reference-thesaurus
http://environment.data.gov.uk/,environment-data-gov-uk
http://epo.publicdata.eu/ebd/id/,epo
http://id.esd.org.uk/,esd-standards
http://linked.opendata.cz/resource/es/msssi,es-msssi-drug-prices
http://agencies.publicdata.eu/r/,eu-agencies-bodies
http://langtech.jrc.it/DGT-TM.html,eu-dgt-tm
http://institutions.publicdata.eu/#,eu-institutions
http://eumida.publicdata.eu/data/,eumida-linked-data
http://eunis.eea.europa.eu/,eunis
http://eupmedia.publicdata.eu/data/,eu-parliament-media
http://eur-lex.publicdata.eu/ontology/,eur-lex-rdf
http://eurobarometer.publicdata.eu/data/,eurobarometer-standard
http://data.europeana.eu,europeana-lod-v1
http://data.europeana.eu/item/,europeana-sparql
http://elections.publicdata.eu/data/,european-election-results
http://ec.europa.eu/eurostat/,eurostat-rdf
http://opendata.euskadi.net/w79-contdata/es/contenidos/ds_localizaciones/farmacias_de_euskadi/es_farmacia/farmacias.html,euskadi-farmacias
http://www.bedlamtheatre.co.uk/,eutc-productions
http://whoiswho.publicdata.eu/data/,eu-who-is-who
http://data.linkedevents.org/,event-media
http://km.aifb.kit.edu/services/facewrap/,facebook-lids
http://www.fao.org/countryprofiles/geoinfo/geopolitical/resource/,fao-geopolitical-ontology
http://fao.270a.info/dataset/,fao-linked-data
http://rdf.farmbio.uu.se/chembl/,farmbio-chembl
http://logd.tw.rpi.edu/source/data-gov/dataset/4383/version/2011-Nov-29/,farmers-markets-geographic-data-united-states
http://data.kasabi.com/dataset/federal-reserve-economic-data,federal-economic-rdf
http://feedwrap.openlids.org/,feedwrapper-lids
http://www.yso.fi/onto/kunnat/,finnish-municipalities
http://data.fishesoftexas.org:8080/fish/,fishes-of-texas
http://www4.wiwiss.fu-berlin.de/flickrwrappr/photos/,flickr-wrappr
http://code.google.com/p/openflydata/wiki/Flyatlas,flyatlas
http://code.google.com/p/openflydata/wiki/Flyted,fly-ted
http://framenet.icsi.berkeley.edu/,framenet
http://frb.270a.info/dataset/,frb-linked-data
http://rdf.freebase.com/,freebase
http://www.linguist.univ-paris-diderot.fr/~abittar/french-timebank/,french-timebank
http://www4.wiwiss.fu-berlin.de/cordis/resource/,fu-berlin-cordis
http://www4.wiwiss.fu-berlin.de/dailymed/resource/,fu-berlin-dailymed
http://www4.wiwiss.fu-berlin.de/dblp/resource/,fu-berlin-dblp
http://www4.wiwiss.fu-berlin.de/diseasome/resource/,fu-berlin-diseasome
http://www4.wiwiss.fu-berlin.de/drugbank/resource/,fu-berlin-drugbank
http://www4.wiwiss.fu-berlin.de/eccompetition/resource/,fu-berlin-ec-competition
http://www4.wiwiss.fu-berlin.de/euraxess/resource/,fu-berlin-euraxess
http://www4.wiwiss.fu-berlin.de/eures/resource/,fu-berlin-eures
http://www4.wiwiss.fu-berlin.de/eurostat/resource/,fu-berlin-eurostat
http://www4.wiwiss.fu-berlin.de/medicare/resource/,fu-berlin-medicare
http://www4.wiwiss.fu-berlin.de/gutendata/resource/,fu-berlin-project-gutenberg
http://www4.wiwiss.fu-berlin.de/sider/resource/,fu-berlin-sider
http://www4.wiwiss.fu-berlin.de/stitch/resource/,fu-berlin-stitch
http://www.co-ode.org/galen/,galen_from_co-odeorg
http://products.garnicaplywood.com/comunidad/garnicacatalogo,garnicaplywood
http://data.beeldengeluid.nl/gtaa/,gemeenschappelijke-thesaurus-audiovisuele-archieven
http://www.eionet.europa.eu/gemet/,gemet
http://rdf.ebi.ac.uk/resource/atlas/,gene-expression-atlas-rdf
http://geo.linkeddata.ec/resource,geoecuador
http://openuplabs.tso.co.uk/datasets/os-geo,geographic-openuplabs
http://geo.linkeddata.es/resource/,geolinkeddata
http://resource.geolba.ac.at/,geological-survey-of-austria-thesaurus
http://sws.geonames.org/,geonames-semantic-web
http://lod.geospecies.org/,geospecies
http://geowordnet.semanticmatching.org/3.0/,geowordnet
http://vocabulary.wolterskluwer.de/arbeitsrecht,german-labor-law-thesaurus
http://lod.gesis.org/thesoz/,gesis-thesoz
http://datos.eurohelp.es/PruebasFinales/,gipuzkoademografia
http://programme.ecs.soton.ac.uk/glastonbury/2011/,glastonbury-2011
http://data.kasabi.com/dataset/global-hunger-index,global-hunger-index-2011
http://glottolog.org,glottolog
http://gnoss.com/,gnoss-com-a-social-and-semantic-platform
https://social.umeahackerspace.se/,gnusocial-social-umeahackerspace-se
http://linkeddata.few.vu.nl/googleart/museums/,googleart-wrapper
http://extbi.lab.aau.dk/resource/,govagribus-denmark
http://govwild.org/id/,government-web-integration-for-linked-data
http://www.rdfabout.com/rdf/usgov/,govtrack
http://wordnet.okfn.gr/,greek-wordnet
http://red.gnoss.com/en/community/greencompetitiveness,green-competitiveness-gnoss
http://www.linkedopendata.it/datasets/grrp,grrp
http://data.linkedopendata.it/grrt/resource/,grrt
http://www.gutenberg.org/,gutenberg
http://lod.hebis.de/resource/,hebis-bibliographic-resources
http://helheim.deusto.es/hedatuz/resource/,hedatuz
http://greek-lod.math.auth.gr/fire-brigade/resource,hellenic-fire-brigade
http://greek-lod.math.auth.gr/police/resource/,hellenic-police
http://nektar.oszk.hu/,hungarian-national-library-catalog
http://www.icane.es,icane
http://ichoose.tw.rpi.edu/,ichoose
http://www.idref.fr/,idreffr
http://lingweb.eva.mpg.de/ids/,ids
http://data.odw.tw/,iislod-test
http://imf.270a.info/dataset/,imf-linked-data
http://ineverycrea.net/,ineverycrea
http://ineverycrea.net/en/community/ineverycreaargentina,ineverycrea-argentina
http://www.insemtives.eu/lod.php,insemtives
http://logd.tw.rpi.edu/id_page,instance-hub-countries
http://logd.tw.rpi.edu/id_page,instance-hub-organizations
http://logd.tw.rpi.edu/id_page,instance-hub-people
http://logd.tw.rpi.edu/id_page,instance-hub-us-civil-servants
http://logd.tw.rpi.edu/id_page,instance-hub-us-congressional-committees
http://logd.tw.rpi.edu/id_page,instance-hub-us-congressional-districts
http://logd.tw.rpi.edu/id_page,instance-hub-us-federal-agencies
http://logd.tw.rpi.edu/id_page,instance-hub-us-states-and-territories
http://logd.tw.rpi.edu/id_page,instance-hub-us-toxic-chemicals
http://data.ngii.go.kr,integrated-human-geography-service-for-lod
http://mapasinteractivos.didactalia.net/comunidad/mapasflashinteractivos,interactivemaps-gnoss
http://www.greek-lod.gr/intervalue/,intervalue
http://www.iptc.org/cms/site/index.html?channel=CH0103,iptc-newscodes
http://iserve.kmi.open.ac.uk/iserve/,iserve
http://purl.org/weso/pscs/isic/v4/resource,isic-v4
http://www.rechercheisidore.fr,isidore
http://ontologi.es/place/,iso-3166-2-data
http://www.isocat.org,isocat
http://dati.isprambiente.it/id/website/dissesto/html,ispra-lod-ihi
http://www.linkedopendata.it/datasets/istat-immigration,istat-immigration
http://www.linkedopendata.it/datasets/istat-immigrazione,istat-immigrazione
http://linked.opendata.cz/resource/es/msssi,it-aifa-drug-prices
http://data.linkedopendata.it/scuole/resource/,italian-public-schools-linkedopendata-it
http://openbiblio.net/2011/01/12/academic-bibliography-data-available-from-acta-cryst-e/,iucr-acta-cryst-e
http://dbtune.org/jamendo/,jamendo-dbtune
http://www.kanzaki.com/works/2011/stat/ra/,japan-radioactivity-stat
http://bnb.bibliographica.org/,jiscopenbib-bl_bnb-1
http://aims.fao.org/aos/jita/,jita
http://www.csse.monash.edu.au/~jwb/j_jmdict.html,jmdict
http://www.johngoodwin.me.uk/family/,john-goodwins-family-tree
https://ec.europa.eu/jrc/en/language-technologies/jrc-names,jrc-names-mlode
http://jucs.org:8181/d2rq/,j-ucs-journal-of-universal-computer-science
http://data.judaicalink.org/data/,judaicalink
http://kaken.nii.ac.jp,kaken
http://greek-lod.math.auth.gr/kalikratis/resource/,kallikratis-municipalities
http://kasabi.com/dataset/openflights-routes,kasabi-openflights-routes
http://klappstuhlclub.de,klappstuhlclub
http://knoesis.wright.edu/ssw/,knoesis-linked-sensor-data
http://www.kupkb.org/,kupkb
http://dblp.l3s.de/d2r/resource/,l3s-dblp
http://data.linkededucation.org/resource/,lak-dataset
wortschatz.uni-leipzig.de,lcc
http://id.loc.gov/,lcsh
http://lcsubjects.org/,lcsubjects
http://openuplabs.tso.co.uk/datasets/gov-legislation,legislation-openuplabs
http://rdfs.org/ns/void#,lesliesikos
http://lexinfo.net/,lexinfo
http://lexvo.org/id/,lexvo
http://libris.kb.se/bib/,libris
http://libver.math.auth.gr/resource,libver
http://spending.lichfielddc.gov.uk,lichfield-spending
http://www.lingvoj.org,lingvoj
http://www.contextdatacloud.org/resource/,linkedcrowdsourceddata
http://km.aifb.kit.edu/services/crunchbase/api/,linked-crunchbase
http://linkedct.org/resource/,linkedct
http://edgarwrap.ontologycentral.com/,linked-edgar
http://estatwrap.ontologycentral.com/id/,linked-eurostat
http://linkedgeodata.org/,linkedgeodata
http://linkedgeodata.org,linkedgeodata-aerodromes
http://purl.org/NET/lccn/,linkedlccn
http://linkedlifedata.com/resource/,linked-life-data
http://linkedmarkmail.wikier.org/,linkedmarkmail
http://data.linkedmdb.org/resource/,linkedmdb
http://nuts.psi.enakting.org/id/,linked-nuts
http://purl.org/net7/vocab/locs/v1#,linked-open-camera
http://linkedopencommerce.com/,linked-open-commerce
http://ecowlim.tfri.gov.tw/lode/resource/,linked-open-data-of-ecology
http://km.aifb.kit.edu/projects/numbers/web/,linked-open-numbers
http://semanticweb.cs.vu.nl/poseidon/ns/home,linked-open-piracy
http://www.linkedopendata.it/datasets/los,linked-open-senate
http://lov.okfn.org/dataset/lov/lov#,linked-open-vocabularies-lov
http://periodicals.dataincubator.org/,linked-periodicals
http://purl.org/net/linkedSPLs,linked-structured-product-labels
http://soa4all.isoco.net/luf/,linked-user-feedback
http://aksw.org/Projects/USPatents.html,linked-uspto-patent-data
http://esw.w3.org/topic/HCLSIG/LODD,linking-open-drug-data
http://www.linklion.org/,linklion
http://id.sgcb.mcu.es/,lista-encabezamientos-materia
http://lobid.org/organisation/,lobid-organisations
http://lobid.org/resource/,lobid-resources
http://purl.org/colors/,loc
http://lod.ac/bdls/,lodac-bdls
http://www.linkedopendata.it/datasets/scuole,lod-it_scuole-italiane
http://lofd.tw.rpi.edu/,lofd
http://sw.unime.it/loius/,loius
http://sw.unime.it/loius/download.html,loius-linking-italian-university-statistics
http://www.london-gazette.co.uk/,london-gazette
http://www.linkedopenservices.org/services/geo/SpatialResources/point/ICAO/,los_metar
http://www.lotico.com/resource/,lotico
http://opendatacommunities.org/datasets/geography,lower-layer-super-output-areas
http://www.readinglists.manchester.ac.uk/,manchester-university-reading-lists
http://purl.org/NET/marccodes/,marc-codes
http://www.anc.org/MASC/Home.html,masc
http://specialcollections.lib.sussex.ac.uk/CalmView/Record.aspx?src=Catalog&id=SxMOA1,massobservationarchivecatalogue
http://purl.org/okfn/medline,medline
http://purl.org/meducator/resources/,meducator
http://thesauri.cs.vu.nl/eswc06/,mesh_ipsv_skos_rdf
http://www.nlm.nih.gov/mesh/,mesh_pairs
http://www.yso.fi/onto/mesh/,mesh-finnish
http://miguiadeviajes.net,miguiadeviajes-gnoss
http://mismuseos.net/,mismuseos-gnoss
http://iggsa.sentimental.li/index.php/downloads/,mlsa
http://www.morelab.deusto.es/resource/,morelab
http://msc2010.org/resources/MSC/2010/msc2010/ ,msc
http://nl.ijs.si/ME/V4/,multext-east
http://langtech.jrc.it/DGT-TM.html,multilingualeulaw
http://bund.offenerhaushalt.de/,munich-offener-haushalt
http://rdf.muninn-project.org/ww1,muninn-world-war-i
http://www.linkedopendata.it/datasets/musei,musei-italiani
http://museos.gnoss.com/comunidad/mismuseos/,museosespania-gnoss
http://data.linkedopendata.it/data/musei/resource/,museums-in-italy
http://www.musicbrainz.org/,musicbrainz_
http://www.myexperiment.org,my-experiment
http://my-family-lineage.com/wiki/,my-family-lineage
http://purl.org/weso/pscs/naics/2007/resource,naics-2007
http://purl.org/weso/pscs/naics/2012/resource,naics-2012
http://lod.nal.usda.gov/,nalt
http://id.ndl.go.jp/auth/ndlna/,national-diet-library-authorities
http://beta.kasabi.com/dataset/near,near
http://neel.cs.unipi.gr/entry2/,neel
http://sw.neurocommons.org/2007/text-mining.html,neurocommons_text_mining_pilot
http://www.newsweek.com,newsweek
http://gnoss.com/comunidad/nextweb,nextweb-gnoss
http://kantenwerk.org/2011/05/16/nhs-jargon-rdf/,nhs-jargon
http://n-lex.publicdata.eu/ontology,n-lex-as-linked-data
http://www.nlm.nih.gov/mesh/,nlm_2007_mesh
http://data.nobelprize.org/resource/,nobelprizes
http://purl.org/weso/nomenclator/,nomenclator-asturias
http://data.lenka.no/geo,norwegian-geo-divisions
http://resourcelists.ntu.ac.uk/,nottingham-trent-university-resource-lists
http://developers.nature.com/docs/read/linked_data,npg
http://www.ntnu.no/ub/digital/,ntnusc
http://nuts.geovocab.org/,nuts-geovocab
http://www.ntnu.no/ub/data/nvd/2003/,nvd
http://vocab.nerc.ac.uk/,nvs
http://data.nytimes.com/,nytimes-linked-open-data
http://www.americannationalcorpus.org/OANC/,o-anc
http://www.dini.de/projekte/oa-netzwerk/,oanetzwerk
http://dati.camera.it/ocd/,ocd
http://data.oceandrilling.org/codices/,oceandrilling-codices
http://iodp-usio.org/lithology/,oceandrilling-dbseabed
http://chronos.org/taxa/,oceandrilling-forams
http://data.oceandrilling.org/januslod/,oceandrilling-janus
http://chronos.org/janusamp/,oceandrilling-janusamp
http://data.oceandrilling.org/source/ldeo/dataset/logs/,oceandrilling-ldeo
http://id.worldcat.org/fast/,oclc-fast
http://opendatacommunities.org/,odc
http://opendatacommunities.org/datasets/imd-environment-score-2010,odc-imd-environment-score
http://opendatacommunities.org/id/,odc-imd-rank-2007
http://opendatacommunities.org/id/geography/lsoa/,odc-lsoa
http://opendatacommunities.org/id,odc-population-2005
http://oecd.270a.info/dataset/,oecd-linked-data
http://bund.offenerhaushalt.de/,offener-haushalt
http:miuras.inf.um.es/ogolod/resource/Gene/67440,ogolod
http://purl.org/olia,olia
http://www.omegawiki.org/Meta:Main_Page,omegawiki
http://onto.beef.org.pl/domain/,ontobeef-domain
http://www.ontosearch.com/2008/01/identification#,ontos-news-portal
http://dmoz.org/,open_directory
http://d.opencalais.com/,opencalais
http://opencorporates.com/companies,opencorporates
http://sw.opencyc.org/concept/,opencyc
http://data.utpl.edu.ec/ecuadorresearch/lod/resource/,opendataec
http://opendata.euskadi.net/w79-home/es,open-data-euskadi
http://red.gnoss.com/comunidad/OpenData,open-data-risp
http://vocabulary.semantic-web.at/OpenData/,open-data-thesaurus
http://openelectiondata.org/parties/,open-election-data-project
http://en.openei.org/,open-energy-info-wiki
http://openlibrary.org/,open-library
http://lod.openlinksw.com/,openlink-lod-cache
http://openlylocal.com/id/,openlylocal
http://www.openmobilenetwork.org/resource/,openmobilenetwork
http://openuplabs.tso.co.uk/datasets,openuplabs
http://opus.lingfil.uu.se/,opus
http://data.ordnancesurvey.co.uk/doc/postcodeunit/,ordnance-survey-linked-data
http://data.organic-edunet.eu/directory/identifier,organic-edunet
http://spatial.ucd.ie/lod/osn,osm-semantic-network
http://oxpoints.oucs.ox.ac.uk/id/,oxpoints
http://data.kasabi.com/dataset/pali-english-lexicon,pali-english-lexicon
http://patents.data.gov.uk/id/,patents-data-gov-uk
http://n2t.net/ark:/99152/p0,periodo
http://phoible.org,phoible
http://pleiades.stoa.org/places/ http://pleiades.stoa.org/places/vocab# http://atlantides.org/capgrids/,pleiades
http://www.pokepedia.fr/,pokepedia-fr
http://www.larramendi.es/i18n/estaticos/contenido.cmd?pagina=estaticos/bibliotecaIL,polymath-virtual-library
http://prefix.cc/,prefix-cc
http://prelex.publicdata.eu/r/,prelex
http://keithalexander.co.uk/pbac,printed-book-auction-catalogues
http://productdb.org/gtin/,productdb
http://www.productontology.org,productontology
http://gnoss.com/comunidad/prospectivatecnologica,prospects-and-trends-gnoss
http://provenanceweb.org/,provenanceweb
http://gnoss.com/comunidad/MPV-APADRINA,proyectoapadrina
http://purl.org/weso/pscs/resource,pscs-catalogue
http://psh.ntkcz.cz/,psh-subject-headings
http://www.wiki.prov.vic.gov.au/index.php/Public_Record_Office_Victoria_Semantic_Wiki,public-record-office-victoria-semantic-wiki
http://qualitywebdata.org/,qualitywebdata-org
http://quotationsbook.com,quotations_book
http://data.bibsys.no/data/notrbib/authorityentry/,radatana
http://www4.wiwiss.fu-berlin.de/bookmashup/,rdf-book-mashup
http://lastfm.rdfize.com/,rdfize-lastfm
http://purl.org/NET/rdflicense,rdflicense
ttp://rdfohloh.wikier.org/,rdfohloh
http://identifiers.org/reactome/,reactome-rdf
http://linkeddata.few.vu.nl/rechtspraak/,rechtspraak
http://reduno-internacional.com/en/community/unoi,red-uno-internacional-santillana
http://reference.data.gov.uk/id/,reference-data-gov-uk
http://lod.xdams.org/reload/oad/,reload
http://research.data.gov.uk/id/,research-data-gov-uk
http://revyu.com/reviews/,revyu
http://riese.joanneum.at/data/,riese
https://data.rism.info/id/rismid/,rism
https://data.rism.info/id/rismauthorities/,rism-authorities
http://www.rkbexplorer.com/data,rkb_explorer_data
http://acm.rkbexplorer.com/id/,rkb-explorer-acm
http://budapest.rkbexplorer.com/id/,rkb-explorer-budapest
http://citeseer.rkbexplorer.com/id/,rkb-explorer-citeseer
http://cordis.rkbexplorer.com/id/,rkb-explorer-cordis
http://courseware.rkbexplorer.com/id/,rkb-explorer-courseware
http://crime.rkbexplorer.com/id/,rkb-explorer-crime
http://crm.rkbexplorer.com/id/,rkb-explorer-crm
http://curriculum.rkbexplorer.com/id/,rkb-explorer-curriculum
http://darmstadt.rkbexplorer.com/id/,rkb-explorer-darmstadt
http://dblp.rkbexplorer.com/id/,rkb-explorer-dblp
http://deepblue.rkbexplorer.com/id/,rkb-explorer-deepblue
http://deploy.rkbexplorer.com/id/,rkb-explorer-deploy
http://digitaleconomy.rkbexplorer.com/id/,rkb-explorer-digitaleconomy
http://dotac.rkbexplorer.com/id/,rkb-explorer-dotac
http://ecs.rkbexplorer.com/id/,rkb-explorer-ecs
http://enaktingpsi.rkbexplorer.com,rkb-explorer-enaktingpsi
http://eprints.rkbexplorer.com/id/,rkb-explorer-eprints
http://epsrc.rkbexplorer.com/id/,rkb-explorer-epsrc
http://era.rkbexplorer.com/id/,rkb-explorer-era
http://eurecom.rkbexplorer.com/id/,rkb-explorer-eurecom
http://ft.rkbexplorer.com/id/,rkb-explorer-ft
http://fun.rkbexplorer.com/id/,rkb-explorer-fun
http://gdlc.rkbexplorer.com,rkb-explorer-gdlc
http://ibm.rkbexplorer.com/id/,rkb-explorer-ibm
http://ieee.rkbexplorer.com/id/,rkb-explorer-ieee
http://irit.rkbexplorer.com/id/,rkb-explorer-irit
http://italy.rkbexplorer.com/id/,rkb-explorer-italy
http://jisc.rkbexplorer.com/id/,rkb-explorer-jisc
http://kaunas.rkbexplorer.com/id/,rkb-explorer-kaunas
http://kisti.rkbexplorer.com/id/,rkb-explorer-kisti
http://laas.rkbexplorer.com/id/,rkb-explorer-laas
http://lisbon.rkbexplorer.com/id/,rkb-explorer-lisbon
http://newcastle.rkbexplorer.com/id/,rkb-explorer-newcastle
http://notube.rkbexplorer.com,rkb-explorer-notube
http://nsf.rkbexplorer.com/id/,rkb-explorer-nsf
http://oai.rkbexplorer.com/id/,rkb-explorer-oai
http://opencyc.rkbexplorer.com/id/,rkb-explorer-opencyc
http://os.rkbexplorer.com/id/,rkb-explorer-os
http://photos.rkbexplorer.com/id/,rkb-explorer-photos
http://pisa.rkbexplorer.com/id/,rkb-explorer-pisa
http://rae2001.rkbexplorer.com/id/,rkb-explorer-rae2001
http://resex.rkbexplorer.com/id/,rkb-explorer-resex
http://risks.rkbexplorer.com/id/,rkb-explorer-risks
http://roma.rkbexplorer.com/id/,rkb-explorer-roma
http://roni.rkbexplorer.com,rkb-explorer-roni
http://southampton.rkbexplorer.com/id/,rkb-explorer-southampton
http://ulm.rkbexplorer.com/id/,rkb-explorer-ulm
http://unlocode.rkbexplorer.com/id/,rkb-explorer-unlocode
http://webconf.rkbexplorer.com/id/,rkb-explorer-webconf
http://webscience.rkbexplorer.com/id/,rkb-explorer-webscience
http://wiki.rkbexplorer.com/id/,rkb-explorer-wiki
http://wordnet.rkbexplorer.com/id/,rkb-explorer-wordnet
http://www.rosettaproject.org/,rosetta-project
http://rpmfind.net/linux/RPM/,rpm_find
http://link.informatics.stonybrook.edu/rxnorm/,rxnorm
http://sadiframework.org/registry,sadi-semantic-web-services-framework-registry
http://spraakbanken.gu.se/resurs/saldo,saldo
http://sameas.org/,sameas-org
http://ta.sandrart.net/edition-information/services/linked-open-data-rdf/,sandrart-net
http://data.kasabi.com/dataset/sanskrit-english-lexicon,sanskrit-english-lexicon
http://santillana.linkeddata.es/elviajero/resource,santillana_guide_dataset
http://scholarometer.indiana.edu/namespaces/,scholarometer
http://sciencecommons.org,science_commons
http://www.sears.com/,sears
http://aseg.cs.concordia.ca/secold/resource/,secold
http://www.rdfabout.com/rdf/usgov/sec/id/,sec-rdfabout
http://semanticbible.org/ns/2006/NTNames#,semantic_bible
http://semanticlibrary.org/,semantic-library
http://laurensgoessemantic.wordpress.com,semantic-profiling-network
http://mlode.nlp2rdf.org/resource/,semanticquran
http://semantictweet.com/,semantictweet
http://data.semanticuniverse.com,semantic-universe
http://data.semanticweb.org/,semantic-web-dog-food
http://semanticweb.org/id/,semanticweb-org
http://rhizomik.net/semanticxbrl/,semantic-xbrl
http://cb.semsol.org,semsol-crunchbase
http://asv.informatik.uni-leipzig.de/download/sentiws.html,sentiws
http://serendipity.utpl.edu.ec/lod/resource/,serendipity
http://cdec.opendams.org/lod/shoah/,shoah-victims-names
http://simile.mit.edu/repository/datasets/index.html,simile_data_collection
http://purl.org/weso/pscs/sitc/v4/resource,sitc-v4
http://linkeddata.few.vu.nl/slideshare/,slideshare2rdf
http://smartlink.open.ac.uk/smartlink/resource/,smartlink
http://vocabulary.semantic-web.at/semweb/,socialsemweb-thesaurus
http://data.southampton.ac.uk/,southampton-ac-uk-apps
http://eprints.ecs.soton.ac.uk/id/eprint/,southampton-ecs-eprints
http://spqr.cerch.kcl.ac.uk/,spqr
http://securitytoolbox.appspot.com/,stac
http://organogram.data.gov.uk/data/scotland/,staff-organograms-and-pay-scottish-government
http://organogram.data.gov.uk/data/thurrocktgdc,staff-organograms-and-pay-thurrock-thames-gateway-development-corporation
http://resourcelists.st-andrews.ac.uk/,st-andrews-resource-lists
http://statistics.data.gov.uk/id/,statistics-data-gov-uk
http://steak.kisti.re.kr/steak/project.html,steak
http://stitch.cs.vu.nl/vocabularies/rameau/,stitch-rameau
http://zbw.eu/stw/,stw-thesaurus-for-economics
http://www.sudoc.fr/,sudocfr
http://www.surgeradio.co.uk/,surge-radio
http://kulturarvsdata.se/,swedish-open-cultural-heritage
http://lsdis.cs.uga.edu/projects/semdis/opus#,sweto-dblp
http://lod.sztaki.hu/data/,sztaki-lod
http://www.t4gm.info/,t4gm-info
http://disi.unitn.it/~knowdive/dataset/delicious/,tags2con-delicious
http://talkbank.org/,talkbank
http://lod.taxonconcept.org/,taxonconcept
http://ibl.mdanderson.org/TCGA/,tcga
http://purl.org/tcga/core#,tcga-roadmap
http://purl.org/net/tcm/,tcmgenedit_dataset
http://www.ntnu.no/ub/data/tekord,tekord
http://telegraphis.net/,telegraphis
http://data.totl.net/,temple-ov-thee-lemur-datasets
xxx,testee
http://sourceforge.net/projects/texai,texai_lexicon
http://dbmi-icode-01.dbmi.pitt.edu/dikb-evidence/front-page.html,the-drug-interaction-knowledge-base
http://data.theeuropeanlibrary.org/BibliographicResource/,the-european-library-open-dataset
http://eurostat.linked-statistics.org/,the-eurostat-linked-data
http://thesaurus.datenwissen.de/,thesaurus-datenwissen
http://www.archivesdefrance.culture.gouv.fr/thesaurus/resource/,thesaurus-w
http://www.theses.fr/,thesesfr
http://theviewfrom.org/things/,the-view-from
http://linkeddata.ge.imati.cnr.it/resource/ThIST/,thist
http://tkm.kiom.re.kr/tkmedicine,traditional-korean-medicine
http://transparency.270a.info/dataset/,transparency-linked-data
http://transport.data.gov.uk/id/,transport-data-gov-uk
http://openuplabs.tso.co.uk/datasets/gov-transport,transport-openuplabs
http://twarql.org/,twarql
http://purl.org/twc/health/,twc-healthdata
http://purl.org/twc/hub/,twc-hub
http://ieeevis.tw.rpi.edu/,twc-ieeevis
http://logd.tw.rpi.edu/,twc-logd
http://opendap.tw.rpi.edu/,twc-opendap
http://km.aifb.kit.edu/services/twitterwrap/,twitter-lids
http://uberblic.org/resource/,uberblic
http://data.bib.uni-mannheim.de/data/,ub-mannheim-linked-data
http://uis.270a.info/dataset/,uis-linked-data
http://www.legislation.gov.uk/,uk-legislation-api
http://www.uk-postcodes.com/postcode/,uk-postcodes
http://umbel.org/umbel/,umbel
http://data.uba.de/umt/,umthes
http://data.kasabi.com/dataset/un-hazardous-material-numbers,un-hazardous-numbers
http://purl.uniprot.org/,uniprot
http://purl.uniprot.org/uniprot/,uniprotkb
http://purl.uniprot.org/taxonomy,uniprot-taxonomy
http://purl.uniprot.org/uniparc,uniprot-uniparc
http://purl.uniprot..org/pathways/,uniprot-unipathway
http://www.uniprot.org/uniref/,uniref
http://ucuenca.edu.ec/institucion,universidad-de-cuenca-linkeddata
http://lists.lib.plymouth.ac.uk/lists/,university-plymouth-reading-lists
http://liblists.sussex.ac.uk/items/,university-sussex-reading-lists
http://unodc.publicdata.eu/r/,unodc
http://linkeddata.uriburner.com/,uriburner
http://data.utpl.edu.ec/utpl/lod/resource/,utpl-lod
http://semanticweb.cs.vu.nl/verrijktkoninkrijk/,verrijktkoninkrijk
http://viaf.org/viaf/,viaf
http://vidont.org/,vidont
http://vivo.cornell.edu/individual/,vivo
http://lod.hackerceo.org/ANGEL/VIVO2DOI/,vivo2doi
http://vivo.cornell.edu/,vivo-cornell-university
http://vivo.colorado.edu/,vivo-cu-boulder
http://vivo.iu.edu/,vivo-indiana-university
http://beta.vivosearch.org/institution/ponce-school-medicine,vivo-ponce
http://vivo.scripps.edu/,vivo-scripps-research-institute
http://vivo.ufl.edu/,vivo-university-of-florida
http://vivo.med.cornell.edu/,vivo-weill-cornell-medical-college
http://vivo.wustl.edu/,vivo-wustl
http://minsky.gsi.dit.upm.es/semanticwiki/index.php/,vulnerapedia
http://purl.org/vocabularies/princeton/wn30,vu-wordnet
http://www.w3.org/2005/Incubator/prov/wiki/Provenance_Vocabulary_Mappings#Mappings,w3c-provenance-incubator-group-vocabulary-mappings
http://www.w3.org/2006/03/wn/wn20/,w3c-wordnet
http://brightbyte.de/page/WikiWord,wikiword_thesaurus
wold.livingsources.org,wold
http://wordnet.princeton.edu,wordnet
http://worldbank.270a.info/dataset/,world-bank-linked-data
http://www4.wiwiss.fu-berlin.de/factbook/resource/,world-factbook-fu-berlin
http://ldf.fi/ww1lod/,ww1lod
http://casta-net.jp/~kuribayashi/multi/,xwn
http://yago-knowledge.org/resource/,yago
http://neuroweb.med.yale.edu/senselab/,yale_senselab
http://www.yovisto.com/resource,yovisto
http://onki.fi/en/browser/overview/ysa,ysa
http://www.zaragoza.es/datosabiertos/id/,zaragoza-datosabiertos
http://zbw.eu/labs/,zbw-labs
http://zbw.eu/beta/p20/,zbw-pressemappe20
http://zhishi.me/,zhishi-me
http://zitgist.com/music,zitgist-musicbrainz
